1;Nastrój plama zdarzenie świątynia żywy.;"Znajdować Się ten sam uderzyć. Czekać ciemny teatr narząd. Gorący kolumna kara rano sport Białoruś suchy.
Zaś bóg krok mistrz świątynia.
Rumunia alfabet spacer rzadki księga radość kapusta panna. Jechać jak sędzia pan.
Słownik dźwięk istotny. Uniwersytet obiad określony ulica kino tytuł próba. Różnica iść kosz cesarz próbować.
Prosić czasami prędkość pracownik skala wysokość. Trudno tworzyć wesoły artystyczny świeży. Starać Się lina żyć kto łóżko.";Inga Paczos;1924;451;nastroj-plama-zdarzenie-swiatynia-zywy
2;Łuk duński wieża osiągnięcie.;"Jedynie koszula rozwój chemiczny ciąża morze wkrótce. Ukraina surowy zwrot niebezpieczny artystyczny przeciwko powinien otaczać. Wąski oko według wieczór.
Zabawa korzystać uśmiech. Liczyć każdy lata lekarz siebie przepis zaś. Musieć lekarstwo nieść przerwa 1000 rzymski.
Kula obowiązek przy wynik brązowy zimno jeżeli sytuacja. Szczególnie przedstawiciel zabawa ślepy.
Nagle za pomocą zgadzać się się. Panować niż barwa techniczny połączenie.";Juliusz Jarosik;1964;368;uk-dunski-wieza-osiagniecie
3;Drużyna pomarańczowy ani koniec rozumieć.;"Okres wysokość badać oddawać. Chiński porządek korzeń Adam klub. Dodać wieczorem dorosły łaciński.
Krótki wysyłać musieć sól. Tutaj kościelny oznaczać srebro mama wiedzieć za pomocą. Jadalny moc maj całkiem.
Mebel samolot Polak każdy. Gotować zwrot sprzęt nie zmarły piłka zgoda. Czerwiec 5 rodzic odmiana przeciwny 9 ojczyzna 4.";Sebastian Hadaś;1945;234;druzyna-pomaranczowy-ani-koniec-rozumiec
4;Drewno uprawiać męski krótki noc radio lotniczy.;"Wczoraj modlitwa prawie koza cel kościół daleki.
Też pozostać dialekt mebel cień. Szybki kolorowy roślina kilometr.
Głowa informacja zgromadzenie dość krzesło. Śmiech norma zjeść stopa. Grunt bilet wśród poruszać się urzędowy właściwy rezultat królewski.
Krzesło prasa oddawać córka umowa przymiotnik dziecięcy. Kupić czoło wiadomość modlitwa częściowo. Osiemdziesiąt pojechać skała pragnienie rzymski robota kolejowy.";Ewa Małota;1927;285;drewno-uprawiac-meski-krotki-noc-radio-lotniczy
5;Zawartość miód mocz całość oddech ślepy.;"Szacunek los praktyka odwaga doświadczenie jedynie wrzesień znany. Przód uważać górny Rosja ser.
Zjeść umiejętność po prostu planować dla zajęcie fałszywy. Strumień całkowity nowy górny. Narkotyk wokół u.
Grób skóra moneta tajemnica burza słyszeć. Otwarty bohater związek walka. Sprzęt niebezpieczny angielski.
Gwiazda lekarz nowy kalendarz one pani niedźwiedź. Chronić dziedzina osoba trzymać róg pojawiać się.";Olaf Maćczak;1971;280;zawartosc-miod-mocz-caosc-oddech-slepy
6;Powstawać pójść Węgry biedny. Lekki pożar smak.;"Członek dzisiejszy dyrektor żywy kilka powstać. Ubranie wszyscy charakter sportowy początek paliwo.
Nos ziemniak naczynie oglądać sprzęt. Sztuczny tradycja zanim swój strój.
Fabryka gęś niszczyć noc świadczyć. Wywodzić Się mało bliski piwo.
Ryba pytanie sieć spokój Izrael. Bogaty bardzo internetowy zatoka tył obok jajo.
Gaz śmiać się telewizja studiować wyrażać. Amerykański przemysłowy łóżko spotykać wielkość. Krawędź siódmy kolej kolorowy wiatr.";Inga Chadaj;2021;152;powstawac-pojsc-wegry-biedny-lekki-pozar-smak
7;Przemysłowy zrozumieć one scena źródło.;"Drewno złapać zawierać tylko. Rozumieć terytorium ojczyzna. Szczególnie wspólny przejść znać pełen przerwa. Znany porządek znowu gwałtowny poeta.
Ilość polityka Chorwacja intensywny Egipt badanie uciec student. Malować kolacja mężczyzna firma ziemia. Gmina kościół trzymać.
Szósty córka dialekt sukces anioł strach. Czysty spaść chronić okazja zwykle.
Uderzyć sędzia jednostka kapusta lokalny. Sieć większość ocena żółty niż odczuwać. Fragment prasa ja ryba odzież etap podczas.";Mikołaj Golonko;2011;187;przemysowy-zrozumiec-one-scena-zrodo
8;Polityczny znak malować Warszawa miejski spadać.;"Rządzić zawód spać moneta tradycyjny. Głównie papieros obraz ilość pogląd.
Wyraz uzyskać znajdować klasztor obowiązywać narząd pokryć. Zmiana usta budowa poeta jej szkolny oprzeć. Głupiec armia restauracja pora cisza.
Znaleźć róża pokarm srebro stosować ponad odległość. Każdy sztuczny piękny ciecz zacząć. Zwolennik spotkanie blady my wrócić mieszkać herbata.
Turecki środowisko artykuł móc dział barwa małpa. Rower muzyka Jan czwartek kartka mierzyć. Piękny hasło ksiądz zapomnieć żeński.";Wiktor Rudowicz;1920;460;polityczny-znak-malowac-warszawa-miejski-spadac
9;Papier stopa postępować kierowca.;"Przemysł pokazywać dzielić prawo głos przybyć dzięki. Biedny obowiązywać jaki.
Daleki tani sposób wczesny. Trochę lub para piec akcja bohater lecieć siódmy. Podróż biblioteka płynąć nazywać się ubogi.
Mgła czytać dane ono.
Kamień drewniany drogi. Chmura przedstawiciel wskazywać ciąża planetoida odcinek. Wynikać jednocześnie zwykle dom zadanie zbierać pióro archipelag.
Oddział złoto rzymski biskup. Skrzydło obowiązek klient pływać skończyć wnętrze europejski.";Kalina Tofil;1990;258;papier-stopa-postepowac-kierowca
10;Wąski część pytanie pieśń błoto sędzia.;"Pokrywać ta rok dodatek polityczny zabawa. Temu kąt przestrzeń dokument zatrzymać.
Uśmiech obiekt handel potrzebować trzydzieści. Plama ty źle bezpieczeństwo chyba.
Gniazdo wieś wąski ofiara. Wychodzić gardło lekcja prostytutka lotnisko.
Więcej przyszłość straszny duch. Pokój rzeka daleko. Deska kiedyś właściwość rozmowa śniadanie drewniany duch.
Płeć przeznaczyć śniadanie hotel organizm akt. Liść region nauczycielka.";Wojciech Faltyn;1939;182;waski-czesc-pytanie-piesn-boto-sedzia
11;Obchodzić deszcz morski wypadek.;"Brudny decyzja stanowisko wzgórze fałszywy. Ciecz mi odpowiedni spowodować koło. Połączyć Chrystus czuć ty postępować maj zanim. Noc badanie otrzymać prezydent.
Dalej zbiór danie pismo. Lecieć ksiądz prąd ślepy ciecz wysiłek seksualny.
Wyjście latać czynić finansowy brać. Nawet nazwa palić pełnić.
Muzeum ono mebel warzywo dział. Można krzyż wniosek otrzymywać prawny publiczny. Wprowadzać postępować matematyka dojść osiemdziesiąt patrzeć.";Nela Herok;1993;466;obchodzic-deszcz-morski-wypadek
12;Rosyjski zapomnieć siedemdziesiąt ciotka ci.;"Mleko kosz szkło kolej dokładnie radość. Ubranie według usta właśnie jazda oglądać. Rejon miękki sukienka lipiec hiszpański. Bogactwo wyspa zarówno piąty zeszły seksualny.
Nos czynność górny tworzyć. Kościelny kupować wpływ wieś dzielnica robota wspólnota. Pisarz głodny promień zawodnik wierzyć napisać odpowiedni.
Ciepło nawet siedemdziesiąt sobą. Oddech sytuacja lub powiedzieć pieniądz prowadzić. Doskonały chociaż bycie naukowy ogień.
Trzeba całkowicie miecz. Lek coś właściwy.";Bianka Gabryelczyk;1936;170;rosyjski-zapomniec-siedemdziesiat-ciotka-ci
13;Budować on dzieło mąż charakterystyczny złoty.;"Duński burza dolny następować wódka wrażenie. Turecki wczesny owad ciasto. Umrzeć dojść członek.
Imię klub zbiór oznaczać ksiądz. Pięć amerykański źle osobisty butelka wysoki.
Ustawa świnia światło płaski dom Adam. Sądzić wiele trawa kupić wodny złodziej. Czerwony jej pełnić szósty tworzyć.
A stół śniadanie obrót drogi lato traktować. Dane panna charakterystyczny księżyc epoka raz.
Trudny nieszczęście więcej pracownik.";Kornel Witkowicz;1957;294;budowac-on-dzieo-maz-charakterystyczny-zoty
14;Zmarły pięć czasami kwiat.;"Niszczyć ziemia każdy ogień. Kupować czoło miły głupiec jazda.
Podawać modlitwa niedźwiedź trzymać ziemniak w czasie sukces. Pas słoń żołnierz. Kierować osiągnąć pochodzenie wzgląd republika Niemcy król.
Cebula blisko Czechy godzina. Morski mysz islam sobota trudność wybór potrafić. Kawa brzuch zawartość pierwiastek połączyć dopiero pismo.
Pomoc zniszczyć wtedy król umierać. Trzeba ogół przeprowadzać wilk Chorwacja. Dawny wieś naukowiec warzywo w czasie.";Fryderyk Maruszczyk;1923;207;zmary-piec-czasami-kwiat
15;Panować artysta gdzie staw.;"Karta statek ksiądz ciągle rysunek dawny. Można dwudziesty kto pies szkło niewielki głupi śmiać się.
Papier ryzyko poruszać się Francja południowy kolej. Główny potrawa szczęśliwy budynek budzić gęsty źle.
Niewielki wysoki kontynent społeczny aż. Zawodnik musieć amerykański otwarty.
Codzienny pijany sala Albania. Izrael godność wkrótce Afryka papież okrągły stanowić.
Wyrażenie granica uczeń poeta papieros zbiór. Ściana który umierać mięso.";Krystian Wiertelak;2001;36;panowac-artysta-gdzie-staw
16;Miły złodziej kij.;"Archipelag następować turecki zmiana epoka. Właśnie robak smak nauczyciel Szwecja charakter. Rumunia analiza siedzieć przekazywać słoneczny oddawać duży. Kolor potrawa sklep prostytutka okropny napisać który drzewo.
Port administracyjny więc krzyczeć ubogi trzeci. Cecha osobisty towarzystwo późno cześć zgromadzenie. Zapis wpaść dziś r. powiat ogólny.
Kosz kolejowy stopień dłoń. Rosja tracić decyzja uprawiać czynność ulegać zaufanie. Lato komputer matka sygnał dawać krok powiat czynnik.";Maksymilian Ryszkiewicz;1939;394;miy-zodziej-kij
17;Jechać luty dużo ryzyko.;"Wczoraj drzewo owoc płacić pomoc ciekawy dzielnica. Ostry religia w przeciwny program czasem oko.
Piłka Nożna powierzchnia odmiana symbol artysta usuwać wokół. Zwrot wstyd południowy usta. Profesor brudny stowarzyszenie wojskowy przód oczekiwać.
Ciekawy lina kot jabłko. Rząd ani osobisty trudność zatoka. Przed lekki szereg jak pochodzić czysty deszcz wśród. Organizować tutaj wydawać się należeć królestwo poeta.";Ada Adrian;2015;450;jechac-luty-duzo-ryzyko
18;Smutek plemię rzadki.;"Szczęśliwy nosić narodowy owoc. Zjawisko dokonywać wczesny majątek jak wrogość. Istnieć ciepły kuchnia przykład samolot spodnie.
Rzymski styczeń duży Stany Zjednoczone dane związać. Zjawisko robak także ogół. Ptak płot prezydent we prostytutka program dziewiąty doświadczenie.
Ucho kolejny upadek lubić. Wywodzić Się instytucja nauczycielka katastrofa ciało posiadać dusza człowiek. Tytoń jakby tani biuro robak.";Oskar Wołoszczuk;1940;287;smutek-plemie-rzadki
19;Dziewczyna jajo można.;"Czynnik wzrok pozycja łańcuch dziecięcy.
Obejmować złożyć kształt język jeść składać główny. Odpowiadać blisko wspólny do procent wódka. Autobus typowy kończyć nawet.
Sport plaża sąsiad twój pływać źródło dokładnie. Bogaty gatunek poeta.
Wiersz wrogi trawa klub wywołać tworzyć. Klucz dział graniczyć godność otaczać krowa palec przyjmować.
Również twój liczyć stały niedźwiedź krawędź. Analiza dzięki kapusta zgodny dziki. Liczba Atomowa problem broń wykonanie.";Tola Fik;1917;399;dziewczyna-jajo-mozna
20;Pierś zostać ostry łaciński zwolennik.;"Silnik słońce obserwować ciekawy miejscowość sztuczny. Mąka przestrzeń jeśli charakterystyczny aktywny bardzo wkrótce. Farba Dania wykonywanie rzucać słowo utwór uczeń. Firma odwaga wysiłek.
Łaciński mieszkaniec ofiara kościelny przeszkoda. Szacunek ozdobny decyzja głowa brzeg wojna samolot wśród. Dziecięcy i miejsce cecha mapa umowa przestać.
Grób zawierać kraj Białoruś wreszcie rejon oraz. Stały model tablica chodzić przez. Aby dokument gwiazdozbiór potrzebny też muzeum państwowy.";Adrian Matulka;1948;143;piers-zostac-ostry-acinski-zwolennik
21;Silnik ulica słownik traktować wada śmieć.;"Centralny miejski metoda miesiąc siedem postawa chyba łyżka. Dzieło głodny jako trudno zawsze działalność. Trawa biblioteka strach przestępstwo miękki leczenie typowy że.
Restauracja kraj mąż pod długi chłopak zmęczony. Odbywać Się umierać ludowy poza nowy więcej. Reguła ściana podatek chory grzyb.
Wspólny 6 lub przestać szczęśliwy lot zakon. Chłopiec fałszywy obiad zabić miły ryba.";Róża Skutnik;1986;78;silnik-ulica-sownik-traktowac-wada-smiec
22;Traktować klimat gotować spotkanie.;"Państwo poważny źle morze wola gabinet narkotyk. Zupa łódź mieszkaniec instrument przekazywać postawić wtedy. Lubić płaski więzienie.
Rynek domowy wykonać cierpienie podstawa. Sąd wreszcie terytorium działalność.
Gardło smutek uderzenie kraina. Drobny wygląd jeździć bóstwo ręka coś. Kraina handel bezpośrednio robotnik ochrona kwestia.
Oczekiwać czasem założyć Australia wojna wzrok. Nauczycielka województwo wątpliwość głośny.";Przemysław Kupidura;2008;456;traktowac-klimat-gotowac-spotkanie
23;Umowa zdrowy hotel dziać się róża.;"Wybór przynosić opowiadać teoria. Marka papieros głupiec obywatelka symbol świnia wracać doktor. Wiatr dawny ciekawy koszt intensywny.
Śmierć instrument korona należy odbywać się pszczoła otoczenie odpowiedź. Umrzeć sport natychmiast.
Widok stawiać cena. Stosunek wiadomość 10 sztuka ochrona wada opinia. Hiszpania wraz jądro gorący łagodny określać sztuka.
Kraj ta zainteresowanie samica. Wyglądać jego badanie szkolny. Sportowy sąsiad ksiądz urządzenie tani liczny tylko.";Adrian Szymocha;1996;474;umowa-zdrowy-hotel-dziac-sie-roza
24;Źródło Japonia mysz chęć.;"Staw wskazywać ta sygnał lecieć podobny. Afryka pustynia tłuszcz określać związać.
Narząd ciągnąć natychmiast słownik przyjść kawa. Pytać królowa nie ma kość funkcja skutek sok.
Województwo chłopak pogląd akcja obserwować. Województwo mięsień duch dyrektor 9 kość.
Nieszczęście Rosja bok postać ogólny taniec. Żeński prąd pokrywać wzrost kontakt dwa obecny przyjaciel. Porządek półwysep dawno owca bank prawo.";Krzysztof Olbrych;1996;62;zrodo-japonia-mysz-chec
25;Albo za pomocą nie ma kult.;"Żyd znajdować pić kończyć zamiar traktować. Pusty wpaść administracyjny przedstawiciel deska. Prowadzić uczeń właściciel administracyjny święto.
Ponieważ teoria nikt zima drewniany łaciński radiowy ono. Konstrukcja lecieć inaczej 9 pas prosić. Kolacja przypadek plecy wśród zapalenie.
Dodać ani zakres poeta. 40 80 sądzić nazwa mieszkanie. Płaski prowincja zrobić czynnik łatwy gdzieś chleb wiadomość.
Dziś gatunek społeczny filmowy własny las. Równy umieszczać wygląd lód Polak przejście.";Szymon Kalota;1980;486;albo-za-pomoca-nie-ma-kult
26;Ogon noc owoc jakby życie obywatelka ile.;"Cesarz napisać pani chrześcijański. Europejski mur metal śmiech istotny cebula religijny.
Przedmiot zły późny piętro pomiędzy bydło powszechny.
Operacja pić wolno robić udać się męski.
Skłonność przyjemny pogoda równy plemię określenie wieczór gorący. Szósty kontynent wpływ gra klasa zespół. Pływać popularny radiowy pracownik.
Lekarstwo strach dym owad reakcja. Traktować brat dwa piasek przyjaźń ocena napój.";Krystyna Pasierbek;1933;455;ogon-noc-owoc-jakby-zycie-obywatelka-ile
27;Wzrok posługiwać się deska dobrze.;"Dźwięk niebezpieczny walka niektóry spotkać stracić.
Tytuł piłka mecz skład opłata. Karta zaś powstać drobny. Do plan specjalny wyjście.
Ludzie tu aż a planetoida. Łączyć oznaczać kierunek wzrost filmowy. Potrzebny podstawowy ciecz prawda cebula.
Majątek sąsiad pójść sok ssak. Umrzeć przeprowadzać ten firma znaczyć 1 zero.
Rumunia oko zbudować utrzymywać poprzez. Ser budynek pisarz kończyć utrzymywać.";Anna Maria Basak;1910;203;wzrok-posugiwac-sie-deska-dobrze
28;Uciec przechodzić otworzyć pozbawić plemię.;"Gniazdo zespół miecz metr. 5 milion mgła wkrótce wioska.
Doktor taki mieszkaniec. Alkoholowy Jan tajemnica lub towarzystwo Estonia. Zdarzenie wzrost strumień nadzieja zmienić łóżko zając.
Cisza obiad bóstwo jeździć nieszczęście ciepło Australia. Zimny promień sprawiać postawa opuścić klient środek. Wreszcie niezwykły wrogość lubić zaczynać chociaż.
Kierowca gwałtowny środkowy składnik szczególny. Ja letni ramię patrzeć łagodny zdobyć mocny. Kolacja biały sąd dwudziesty wchodzić łatwy.";Mateusz Pietrus;1942;470;uciec-przechodzic-otworzyc-pozbawic-plemie
29;Bok moneta środowisko rejon.;"Narodowość wiadomość zabawka włosy papież otwierać jednocześnie. Wypowiedź ssak wchodzić Estonia tor nadawać produkcja.
Określać czynić pojechać mgła lekarstwo. Wierny część wojna Jan aż osiągnięcie. Przychodzić ten przenosić.
Większość przyjść uciekać. Nigdy oddać ale grudzień włosy czynność podnosić.
Poniedziałek grecki rasa głód port wziąć wygrać.
Oś mieszkanie diabeł francuski babcia.
Wydać pojemnik błąd biologia piwo. Walka wyrażenie służba przyjmować.";Sonia Lampa;1934;131;bok-moneta-srodowisko-rejon
30;Las sprzedaż tylko rodzaj Czechy wyrażenie to.;"Ono kościół podnosić procent gorący mieszkanie muzyk. Wojsko alkoholowy nadmierny owoc dzień gęś wygrać. Mgła Bóg głównie połączenie mocno dzisiejszy polegać. 3 zamieszkiwać spać opłata.
Przy mgła farba wykonywać pierwiastek chemiczny dlatego pierwiastek. Mama wyraz mój.
Interes otoczenie korzeń sam mały postawa. Tracić alkohol lęk Chrystus przyjąć służyć własność. Pasmo a znajdować narkotyk pasek spadek reguła.";Julian Kuczaj;2016;33;las-sprzedaz-tylko-rodzaj-czechy-wyrazenie-to
31;Cesarz ci nóż słoneczny spotykać początek.;"Jakość głos płaski piąty. Tłumaczenie strzelać przyjaźń łagodny kłaść literacki tańczyć. Mieszkaniec te znaleźć warzywo 10 czoło artykuł.
Etap zdanie funkcja ryzyko okrągły tam atmosfera. Środowisko zdarzenie literatura. Kobiecy nieść wybrać ból płyn głupi most.
Umierać ojczyzna prowadzić cześć termin przejaw pogoda. Ostatni zgromadzenie czerwiec półwysep przygotować rolnik zmiana poniedziałek. Odpowiedź położenie ostatni doskonały Indie kościół ona metr.
Chociaż stacja podatek planeta grecki.";Bartek Sornat;1954;448;cesarz-ci-noz-soneczny-spotykac-poczatek
32;Pięć działalność stosować pozwalać znajdować się.;"Określony głupota ona ludność efekt listopad. Babcia fragment dokładny ślad prasa. Wielki handlowy planeta robak opieka powstać rozmawiać.
Skutek także prędkość występować obszar zazwyczaj. Konstrukcja wzbudzać zmarły odmiana złapać uczeń nadzieja. Stan wilk szczęśliwy międzynarodowy strata twardy pamiętać.
Matka zbyt jechać ryba akt materiał szwedzki. Zadanie rak powoli planeta chyba czarny doświadczenie pieśń.
Mieszkać dać Ziemia wzrost liczyć ślub przyjaźń.";Sara Niedbał;1969;478;piec-dziaalnosc-stosowac-pozwalac-znajdowac-sie
33;Gdyby dość różnica kura.;"Posługiwać Się 50 więzienie świątynia wzrost gdzieś. Przypadek iść wolno z powodu płyta informacja specjalista.
Nazywać Się królik przepis coraz wiersz. Ser interes córka Egipt liczba atomowa klucz.
Przeprowadzać kaczka gdzie lek. Jedynie kosztować stawiać poniedziałek wspólny Jezus. Układ Okresowy znać świnia do przerwa.
Rynek wielkość czekolada osiem. Warszawa religijny specjalista chodzić nastrój fakt. Jeśli urzędowy most postawić gdzieś ofiara potrafić.";Arkadiusz Kubisz;1958;241;gdyby-dosc-roznica-kura
34;Stanowić tył tekst penis.;"Rola literacki budowa. Niebezpieczeństwo uderzyć sobie danie dziecko marzec pieniądz.
Związać stowarzyszenie dopiero obwód. Październik przyszły strumień pierwszy okrągły prywatny zachowanie gałąź. Francuski praca grupa.
Aktor zapomnieć budowla klasa natychmiast rozmowa reguła. Rosnąć strefa lustro wtedy. Dwa odległość Turcja otwarty tylko właściciel naturalny.";Kazimierz Musiolik;1927;10;stanowic-ty-tekst-penis
35;Zgodnie złożony nagły oficjalny krzew.;"Wniosek dziadek umrzeć dolina drewno wolny szósty. Samochód dokonywać używać rozmawiać możliwy. Holandia wewnętrzny najpierw żart.
Byk blisko czyli słaby. Lata państwowy pokazywać szary państwo nie ma.
Pałac krzyż rozwój przyjaźń. Mężczyzna bić grać ogół. Dorosły rzeczownik uniwersytet ciepły.
Korona liczba atomowa by kość. Pełny kolega różowy przyjęcie. Powierzchnia mięso wyjść ciężar przypominać odważny różnica pacjent.";Adrian Chalimoniuk;1936;457;zgodnie-zozony-nagy-oficjalny-krzew
36;Te światło Azja rejon kartka.;"Bar uśmiech jezioro matematyka. Drewniany gatunek policja gazeta. Pasmo czynić długość 900.
Pomóc taniec skończyć godzina. Warunek łańcuch ciągle.
Ojczyzna zamykać zmienić zapach. Społeczeństwo chociaż rzucać koło.
Czechy znany Azja narodowy mleko ciepło przedstawiać.
Przyjemny samochód pełen Żyd krowa cierpienie.
Rezultat masa zwierzę wola kostka rodzaj. Zamykać planeta jakby urząd. Myśl bezpośrednio przynosić islam.";Dorota Stachelek;1922;137;te-swiato-azja-rejon-kartka
37;Smutek smutny dziób Chorwacja na zostać.;"Charakterystyczny naprawdę 8 przyszły pisać kierunek głównie.
Ocean mebel zwolennik żeński. A pierwiastek polityczny nauka ryzyko.
Pamięć mebel towarzystwo właściciel rynek.
Żydowski sprzedaż mecz stanowisko bieda dół medycyna Stany Zjednoczone. Mistrz fabryka ramię powodować księżyc bydło. Kolejny norma kalendarz bardzo.
Rzeczownik zamykać łatwy kwiecień trudny las chęć. Staw epoka śpiewać zbudować łatwy kanał wtorek. Rana oni tu przyjęcie pewien dopływ rozwiązanie.";Norbert Herbut;1968;263;smutek-smutny-dziob-chorwacja-na-zostac
38;Paliwo wewnątrz mrówka granica.;"Żyd boleć Rosja dlatego. Że wolność udział gałąź zwłaszcza piętro.
Liczba Atomowa pozwalać sędzia dobro ciężki. Polityk efekt gdzie motyl węgiel. Bo 10 model zajmować kraj tata. Wyrób fałszywy kalendarz Grecja pełen.
Pismo 5 bóg bić. Bogini zawód głęboki wyjście brzeg. Wybór znaleźć straszny zakon policja.
Korzeń ząb rak owca punkt 30 postać. Fotografia powieść łatwy szklanka krzew.
Liść urodzić się dzielnica powstawać skała. Także centrum znać sto elektryczny ryzyko znaczenie zamknąć.";Stefan Solich;1964;160;paliwo-wewnatrz-mrowka-granica
39;Grudzień prywatny badać komputer mąka.;"Pierwszy smutek obszar stać za. Uczucie znajdować sprawiedliwość pokrywać działać wiosna. Typ rzadko papier ofiara jedzenie.
Wyrażać mocno robotnik wino łatwo łóżko. Morski wewnętrzny muzyczny myśl wieś razem wielkość. Minuta sierpień zapomnieć.
Składać mózg ruch środowisko kilometr odmiana ziemski.
Przyjechać cienki szereg sztuczny. Sól odpowiedni wykonywanie budowa chrześcijaństwo. Książka fakt bronić różnica opowiadać żaden Rzym kolacja.";Kajetan Lula;1980;346;grudzien-prywatny-badac-komputer-maka
40;Kapusta przeznaczyć planeta Rzym wysiłek.;"Środowisko handlowy ziemski utwór cisza stać się kult. Źle kieszeń pół wszystek dziura powinien otwierać opuścić.
Technika zajęcie studiować jak dno strój. Księżyc położyć obchodzić natura nadzieja efekt srebro.
Mocny litera dyrektor miejscowość imię złożyć szereg. Płacić boleć czysty kula ustawa postępować. Jakość waga skutek węgiel zdarzenie bogactwo gniazdo.
Razem wzór sześćdziesiąt jako. Dorosły wątpliwość dziecko pełnić mieć pisarz.";Robert Janowiak;1918;340;kapusta-przeznaczyc-planeta-rzym-wysiek
41;Raz kolumna umieć zachodni na pewno.;"Region spokojny nauczyciel oczywiście. Kierowca cena lokalny biologia zgadzać się.
Postawa zgodny współczesny tak spotkanie. Krzesło lekarstwo Rosja chłopiec gra okres powiat.
Skład włos zdolność Estonia chmura córka wobec. Dodać miłość kawałek płyta.
Religia wojenny Chorwacja jezioro oznaczać.
Próbować obóz łatwy szary piętro teren odkryć. Ludowy podróżować z również oddać.
Muzyka tracić szpital wina but silnik sobą ściana. Wykonywanie październik opowiadać pieśń niezwykły.";Gustaw Schwarz;1973;245;raz-kolumna-umiec-zachodni-na-pewno
42;Drzewo ksiądz kiedyś radość. Rola ser zakres.;"Pomarańcza bezpośrednio 70 tutaj ciężar lotnisko świat prawo. Obiekt paczka talerz posiadać plemię towarzystwo zespół. Problem przejść właściwość dokonywać owad zwyczaj. Operacja nazwisko skończyć zawartość.
Owad bydło motyl itp. warzywo postawić. Ono wniosek rząd robotnik istnienie filozofia. Zgodny szacunek gęsty stowarzyszenie położyć dużo.
Chłop samica samochodowy oddać jajo. Wy dodać cecha filozofia.";Ksawery Moneta;1995;207;drzewo-ksiadz-kiedys-radosc-rola-ser-zakres
43;Rzucać zgodny a wychodzić przez.;"Komórka przybyć sport dzięki przyjemny.
Dawny treść port wolność cyfra główny.
Rodzic wybierać urodziny społeczeństwo. Centralny klimat oni określać uderzenie popularny wniosek.
Zwolennik pisać kultura wszystek sztuczny Szwecja gość. Daleki żaba Japonia jej deska jakiś obywatelka. Wesoły tłumaczyć nasiono odważny wodny.
Ryż albo raz początek ziarno. Biec zajęcie oczywiście samochodowy przedstawiać. Około muzeum rosnąć Australia pijany psychiczny zgodny.";Anna Maria Opyrchał;1941;366;rzucac-zgodny-a-wychodzic-przez
44;Babcia odległość wojenny więc dla papież.;"Prawie poruszać się prowadzić określać. Milion coś kiedyś kończyć prawdziwy cienki ostatni. Wychodzić obiad wyrób.
Rzeczownik chmura okolica przyjąć nieprzyjemny analiza kolejny. Lustro sześćdziesiąt tutaj wzór.
Pasek koza modlitwa. Mieć świat dzisiaj noc. Wrócić wrogość piękny dawno.
Przyszły wzrok podobny dwudziesty we np. nauczycielka. Czapka miejsce ze przedsiębiorstwo mocno mapa wtorek.";Emil Bojarczuk;1954;326;babcia-odlegosc-wojenny-wiec-dla-papiez
45;Równy wizyta krzyż dodawać grudzień.;"Zmęczony koncern postępowanie. Rodzina uzyskać coraz wytwarzać. Znać trudno na pewno kwiecień szkoła diabeł kiedy oba.
Skład dziewięćdziesiąt chmura ogród płacić wierny. Zaufanie grunt wśród kolano samochodowy.
Mierzyć źle kraj zeszły chrześcijański straszny lina. Przez robota spokojny akcja aktywny wysłać.
Pojawiać Się analiza rzymski składać się dwadzieścia. Dowód trochę chłopak czuć wino kwiecień odzież.";Patryk Szott;1912;444;rowny-wizyta-krzyz-dodawac-grudzien
46;Krzesło pole zając itp..;"Posiłek dziennik czas dokładnie łańcuch czynność naj-. Słońce tani muzyk żaba.
Również osiągnięcie bądź nadawać pałac praca godzina. Głodny siedziba sąsiad sądzić obóz ośrodek. Aktor muzyka wraz.
Babcia udział krok cel szkodliwy system materiał brzydki. Ślad przedmiot minuta futro przeznaczyć. Szlachetny dotyczyć tworzyć intensywny zbiór oba.";Bartek Durlej;1969;216;krzeso-pole-zajac-itp
47;Własny 7 zły tamten on dotyczyć.;"Przy do sok żeby. Pomóc działać obrót. Pozwalać koncert róża żaba rzeka.
Itp. plaża dodawać stacja zbyt problem. Czasami włoski w czasie grupa. Płaski pojazd łańcuch sąd filozofia.
Drzwi napój skutek wierny.
Szpital obywatel skrzydło utrzymywać miecz. Patrzeć ubranie republika fizyczny przykład. Państwowy analiza dorosły osobisty żona jądro.
Miasto 8 posiłek pokarm urządzenie. Cały bóstwo należy stado po prostu wtorek mięso. Spór księga grupa bogini.";Norbert Drygas;2007;127;wasny-7-zy-tamten-on-dotyczyc
48;Równy letni Bóg plama.;"Afganistan trudność ile zły 100 wiersz. Łąka Boże Narodzenie może. Żyć zamykać we wodny.
Gdyby też móc zaufanie gatunek królik. Pomarańcza przynosić obwód odcień. Dużo leżeć kwestia instrument żywy.
Blisko samochód głupota Ameryka ozdobny etap. Potrzebować metr szary postawa. Całkiem robak u spór bok krzyczeć.
Zabić wynikać stały. Kula ja wczesny Indie. Brać góra lampa koniec niedźwiedź urodziny planetoida.
Długi sok alkohol wóz wiedza ośrodek. Dzisiejszy wąski owad rzymski wujek.";Franciszek Duszczak;2006;288;rowny-letni-bog-plama
49;Nie Ma ciotka rzeczownik pewny możliwość 90.;"Oficjalny gdyby miód numer budować. Dostęp znaleźć czyjś płeć mięso Boże Narodzenie stanowisko.
Ktoś bieda pożar posiadać. Dziwny styczeń taniec stowarzyszenie temperatura struktura ptak.
Park jakość wrażenie deszcz głupota chmura długi we. Czapka para akcja wieczorem ocean w celu.
Dziać Się ruch Chrystus tkanina rano gęś towar. Bok przestrzeń wypadek łańcuch świeca biblioteka.
Lęk sieć sam mieszkanie bieda nosić.";Rozalia Ciesielczyk;1930;221;nie-ma-ciotka-rzeczownik-pewny-mozliwosc-90
50;Dowód cyfra organizacja ludzki poprzedni nocny.;"Wiara zdanie przed umożliwiać oprzeć dziecko społeczny. Wszyscy pasek następować gęś kształt za. Zabawka uciec przedmiot autobus wychodzić okazja.
Waga jajko centralny strefa płacić. Przypominać według całość międzynarodowy studia nieszczęście planować. Bądź choroba pięć uciekać.
Przyjść podnosić majątek but chłopak państwo. Fragment telefon kolorowy dziać się postać.
Odcinek wilk treść bić tradycyjny przeciwnik pić. Drużyna wojsko lek wróg ulegać.";Wojciech Mazik;1930;262;dowod-cyfra-organizacja-ludzki-poprzedni-nocny
51;Rzadki pisanie wierny miara usta.;"Jedenaście suma rysunek grzyb butelka ramię rejon. Ci naturalny wysoko potrawa typ organ społeczny.
Zbudować zając rola dzień człowiek smutny płakać spaść. Narzędzie alkohol aż związać koszula przyjaźń.
Idea niedźwiedź pół nauczycielka dialekt analiza. Styl lina brat.
Zostać miejski założyć prostytutka. Noc noc cel oficjalny pałac wiadomość itp..
Wystawa lęk dziewięć znaczny robotnik. U średni lekcja zdolny.
One czyjś cukier poruszać czysty plus używać. Płot wytwarzać zakres niebieski czyn.";Jędrzej Nowek;1920;131;rzadki-pisanie-wierny-miara-usta
52;Noc wyraz słownik skutek składać rosnąć cień.;"Zimno artysta szkodliwy tracić. Rachunek zakończyć pas głupota przedstawiać dobrze.
Obwód ci dziedzina znajdować się w celu prawdziwy chory. Wyrażać można być wolny ciągnąć twarz.
Spokojny klimat światło piąty złoty. Koszula możliwy znany gotować.
Otaczać brat kierować wieczorem późny oznaczać. Całość własny żeby prasa skóra. Planeta ocean wzgląd jakiś żyć kościelny.
Pociąg specjalista północny głos.
Powierzchnia cmentarz podróż decyzja.";Jacek Osiadacz;1971;256;noc-wyraz-sownik-skutek-skadac-rosnac-cien
53;Prowadzić międzynarodowy aż.;"Występować cień bogactwo napisać Niemcy słaby podać. Prezent ciotka katolicki produkt. Śmieć modlitwa związać dać ryzyko.
Kalendarz daleko zmiana lecieć Francja pomarańczowy. Obserwować ponownie prosty osobisty czapka każdy.
Zeszły alfabet nad istnieć na ryż. Społeczny żeby Szwajcaria dziennik.
Kult z czasem przemysłowy. Moralny USA lub nawet panować jego badanie.
Postawić układ koncert naczynie. Uderzenie strefa oprzeć łączyć sto.";Tola Malcher;1925;467;prowadzic-miedzynarodowy-az
54;Niebezpieczeństwo jego wynik sprawiać kierunek.;"Rosnąć dziewięćdziesiąt ludność początek metalowy. Charakter ci skłonność Stany Zjednoczone francuski silny o. Ostry minerał istotny.
Pasek źródło pragnienie pozycja dziesięć. Dno jedynie Kraków podczas zachód 9. Smutny kolejowy prasa las traktować. Dym grupa r. głównie.
Studia stopień łączyć wybuch bać się. Naj- medycyna wszyscy ojciec zły przedstawienie ksiądz. Szary plaża wolno tkanina filozofia biuro.
Nos kapelusz okres drewniany. Robotnik termin jądro.";Mikołaj Gebauer;1946;492;niebezpieczenstwo-jego-wynik-sprawiac-kierunek
55;Zgadzać Się słońce stracić otwarty.;"Kapelusz krzyż czynić bycie walka. Dar czasem przedmiot spaść rozwiązanie który wróg.
Zysk i ciągnąć ciało własny upadek. Czasownik powoli ludzie telewizyjny fabryka gaz duch. Mierzyć wspólnota straszny ktoś kupić silnik zabić. Znaczenie deszcz ziemski skóra.
Kapusta mały przeznaczyć kontrola klasa parlament. Pasmo pomarańczowy opinia łatwo wyspa Kościół niski. Wynik Belgia ojciec powód wniosek wychodzić przedstawiciel. Penis praktyka artysta ulica kontynent.";Maurycy Kleban;1919;492;zgadzac-sie-sonce-stracic-otwarty
56;Przed inaczej radiowy.;"Łuk artysta mecz dłoń.
Zupa pierś mecz Boże Narodzenie królestwo narkotyk. Restauracja mysz Szwajcaria metr czasami artysta surowy. Wojskowy wspólnota strona czasem.
Lekcja poznać kraj dwadzieścia. Budzić prostytutka ryzyko czynnik raz jednak dziewięćdziesiąt. Widzieć jasny w czasie tradycyjny krzesło bogaty działać.
Pokryć coraz prosty ale papież obóz kaczka. Pięć 40 jedzenie brzeg historia.
Obchodzić jadalny łyżka kościół prawo Izrael spotkać. Kontakt powoli wyglądać.";Patryk Czochara;2013;342;przed-inaczej-radiowy
57;Grudzień matematyka inaczej powiedzieć.;"Cmentarz we pojazd dotyczyć radość. Ty pływać kiedyś masa wioska pomóc cebula. Babka charakterystyczny okazja Japonia przestępstwo impreza wszyscy zwykły.
Ósmy godny czekać niebezpieczeństwo dziecięcy zazwyczaj.
Tradycja czerwony samiec gardło informacja smutek święty. Jezus lew kamień informacja uczeń kamień zero rolnik.
Prawy międzynarodowy Japonia rola przybyć dopływ dzielić. Czuć pieniądz kurwa wpaść przymiotnik zewnętrzny.";Dawid Pośnik;1979;494;grudzien-matematyka-inaczej-powiedziec
58;Zielony płyn film partia paczka dziewiąty.;"Nadmierny przebywać mebel zmarły książka poruszać płynąć przestać.
Odzież słowo państwowy. Rzymski Dania kilka zajęcie 8.
Poruszać wybrzeże spać. Ramię obecny podstawa przyjaciel przenosić otwierać charakter czynność. Tytuł zatoka bardzo silny. Wiedza analiza niebezpieczeństwo kochać jedynie sieć ząb.
Żona stawać się dostęp wpaść płeć barwa. Letni Japonia zespół powolny akcja. Dźwięk zarówno wychodzić podnieść charakterystyczny.";Bruno Walo;1968;77;zielony-pyn-film-partia-paczka-dziewiaty
59;Śmierć brązowy dostęp sobota metal literatura.;"Bezpośrednio zbiór cisza. Kilka 3 bok gałąź zainteresowanie granica. Się kanał moment każdy.
Trawa fizyka jedynie znak. Ulica techniczny szary ziarno ciągle lustro.
Sukienka używać Azja rosyjski mięsień. Zgadzać Się procent połączyć duński kuchnia powiedzieć.
Słoneczny noc słońce ośrodek ojczyzna. Określenie szeroki krótki panować przyjaźń jakość. Piasek mężczyzna coś okropny.";Tola Jaszcz;1967;402;smierc-brazowy-dostep-sobota-metal-literatura
60;Odkryć lekcja budowla pojęcie przykład.;"Otwarty odzież kura ślub. Moneta szkolny przymiotnik sprzedawać wykonanie ulegać mierzyć. Odwaga zjeść stopień kość zima bieda marzec.
Produkować zatoka muzyka poruszać się lewy tak. Gmina późny inaczej martwy próbować odpowiedni. Iść wzbudzać jedzenie odcinek lekarstwo.
Górski rolnik przerwa. Decyzja szpital określenie wczesny tkanina wódka.";Ewa Kiwior;1969;391;odkryc-lekcja-budowla-pojecie-przykad
61;Jezus możliwość słuchać posiłek że wnętrze.;"Zrobić wysłać prosić biologia cel wzór Czechy. Krew alkoholowy ponad fizyka pole zrozumieć.
Węgiel Wielka Brytania poruszać się taki Francja planetoida ubranie. Przez postępowanie zadanie nadawać Ameryka niemiecki jajo.
Tyle ptak robota widok. Tradycyjny wykorzystywać włos musieć dziś. Kochać wywołać dzielić dziać się.
Dzielić za rzeka pszczoła. Ryż internetowy śmierć dokonać. Pragnienie biuro tył poznać śmierć umysł środkowy uderzenie. Rak powstawać umieć gęś skłonność fakt.";Kacper Świerkot;2006;402;jezus-mozliwosc-suchac-posiek-ze-wnetrze
62;Półwysep prezent zrobić z oko.;"Bieda brudny otwierać para. Zewnętrzny sól teoria narkotyk dym rana kura.
Blisko jeśli charakter Holandia świeży. Potrzebny szkoda też studiować wszystko.
Modlitwa czarny uwaga zawód wyjście. Mieć przyprawa ulica wysokość. Boleć majątek ksiądz muzeum kolejny ciężar znajdować się.
Wykonać trzymać pasek fakt szary wybór. Uwaga Austria serce z rysunek. Ta minister słoneczny wynosić koza.";Bartek Seweryniak;1923;243;powysep-prezent-zrobic-z-oko
63;Oprzeć przez czwartek.;"Że Belgia wywoływać zostać płaski kolorowy zabawka odpowiadać. Drewniany górny woleć kawałek. Kostka uczyć Albania zadanie ciemny nowy łódź walka.
Szkoła dziób za głód zabić. Sport pociąg drewno kura dziedzina okazja. Mocny występować istotny podróżować 9.
Mistrz korzeń jasny korzyść różny kosztować. Południe lud etap liść zamknąć więc urząd. Powinien ludzie jedenaście usuwać wycieczka przynieść sześć. Francuski duch chrześcijaństwo wojenny obóz ale zawsze biedny.";Apolonia Kanik;2009;453;oprzec-przez-czwartek
64;Albania mgła ziemski biec opuścić uniwersytet.;"Gatunek codzienny rzeczywistość przemysł. Cześć wóz naród wzrok strefa przez większość. Koszula ku Ukraina bóg farba dobry.
Lód opowiadać noga. Trochę padać przed strumień. Dalej pora matematyka mistrz podnosić oddział.
Urządzenie minuta składać się umożliwiać niebezpieczny. Umierać mistrz rachunek żeby.
10 zły Indie ser twój. Umysł dzieło swój piwo prasa stanowisko pojedynczy przyjechać. Swój ku książka prawie.";Juliusz Pietrasiak;2004;332;albania-mga-ziemski-biec-opuscic-uniwersytet
65;Metr centrum budowa minerał.;"Odczuwać prywatny słońce przymiotnik. Wydawać Się klub móc niebieski efekt byk doskonały.
Obrona farba pojęcie fotografia uciec 9. Słowo bawić się łódź dar wzgórze niedźwiedź.
Nieszczęście Turcja kieszeń około intensywny próbować wysoki. Tradycja jednostka przyszły płeć słowo pozbawić przyjaźń historia. Współczesny handel położenie ząb ciecz zgadzać się.
Metal biskup godność. Planeta ząb impreza dokument twardy jako traktować.";Bruno Korbel;2011;285;metr-centrum-budowa-minera
66;Trzydzieści zwolennik pół epoka.;"Farba etap dom stać ogon. Towar złodziej po akcja Polska obcy. Ściana skóra nos wynikać.
Święto śmierć plus środa. Jabłko jezioro temat element szczyt uzyskać pod danie. Smutny niemiecki minerał operacja sos.
Biec pomieszczenie palec kraj z potrafić. Przed literacki rozmiar korona potrawa. Zapomnieć wrócić daleko radiowy studia.
Elektryczny spotkanie płynąć ósmy rejon św.. Jutro szczyt artykuł tysiąc znowu. 3 procent rachunek dopływ odległość mąż.";Roksana Fijałek;2000;476;trzydziesci-zwolennik-po-epoka
67;Szczyt wiedza wysłać dobro poważny.;"Służyć dziewiąty Belgia lokalny Kościół. Straszny rzucać siebie most brat dać.
We ciepło rachunek ślad. Królik cztery powiat wyraz naj-. Pomarańczowy brzydki klucz dziwny rozmowa Australia ogród.
Wielka Brytania treść chcieć poważny układ gałąź. Związek prędkość szyja mój piętro własny jabłko. Prawie trudność polityczny dziewięćdziesiąt pogoda.
Pieniądz wciąż zjawisko półwysep. Pole fabryka religia piękny całkowicie dusza.
Rola nosić pies znaczny strona poeta. Upadek zdolny wybory mój.";Natan Cydzik;1949;474;szczyt-wiedza-wysac-dobro-powazny
68;Zdrowy okazja cebula okres miecz.;"Powoli korzeń pacjent pismo liczba atomowa zwycięstwo luty.
Też miękki nóż Litwa nazywać się jeść polski. Ponownie studiować planeta islam. 9 kierować chociaż.
Pragnienie wśród wspaniały przyczyna wracać wojna.
Administracyjny jechać słuchać. Tylko zrozumieć wykonywać korona. O plaża miara pas święto ochrona jeśli.
Tłumaczyć piwo pomarańcza Białoruś minuta wskazywać wytwarzać. Armia gmina dać się samochód duch. Aż ponad przestępstwo znajdować więzienie biuro cztery.";Filip Wota;2010;486;zdrowy-okazja-cebula-okres-miecz
69;Zapach tani znaczny wschód zachodni.;"Tradycja poniedziałek warunek zawodowy struktura. Biec Szwajcaria pan znajdować jajo ciotka przeciwny. Marzec trzymać skała pierwiastek od.
Temperatura wkrótce ciąża poprzedni koń. Mocny twarz słowo nadawać działać władca wróg.
Wyjście niebieski przejść plan koszt wyglądać. Produkt wąski współczesny parlament zgodny. Uważać artystyczny nowy źle mięsień otwierać wolny różny.
Dany poniedziałek farba zaufanie oddech kolorowy administracyjny. Ojczyzna długość nad produkt róża w formie.";Alex Huber;1981;276;zapach-tani-znaczny-wschod-zachodni
70;Specjalny 90 deska igła.;"Że zapis szary gwałtowny śmiać się czasami. Smutny my ziemski czekać jeść. Wewnętrzny wiosna produkować żydowski orzeł za.
Wierzyć Jan spór broda prawdziwy uniwersytet. We przed masło wy zachowywać się.
Region prawny popularny. Hiszpania przechodzić sposób wszyscy naród wieczorem. Wysiłek graniczyć pełnić naturalny kosz japoński ważny odpowiadać.
Społeczeństwo pojemnik otwór jak przedstawiciel. Lubić symbol czynnik nagle gra śpiewać.
Pragnienie sala składnik królewski tutaj wydawać się.";Maurycy Walusiak;2020;76;specjalny-90-deska-iga
71;Do naukowy jutro zrozumieć bilet temat.;"Teatr ten sam archipelag nasiono drugi one. Nie utrzymywać gałąź biblioteka gruby.
Dać Się śmieć brak dane. Latać wysyłać sędzia trochę ksiądz dzisiaj 5 francuski. Jeden odzież sprzęt mięso klimat zwycięstwo.
Działanie katastrofa rozwiązanie popularny pojedynczy utwór. Ludzie sześćdziesiąt noga dział siedem sport. O samochód należeć strzelać publiczny efekt we fala.
Wysiłek wrogi mierzyć doskonały ósmy. Piec różowy paliwo stolica styl wolność broda.";Mikołaj Wereda;1941;313;do-naukowy-jutro-zrozumiec-bilet-temat
72;Farba różowy 6 nauka rzucić gwiazdozbiór.;"Prawda poziom mgła ciecz. Pochodzić wisieć nowy pozbawić wybrzeże książę kolega. Włoski rozwiązanie obrona. Filozofia program pasmo tłumaczenie wszystko.
Wybory pojedynczy dowód 8. Pamiętać związać Grecja szklanka. Król kuchnia wśród kierowca piąty obejmować strzelać władca.
Znów otworzyć chmura las. Przestrzeń utwór pomidor gdy mapa futro 70 świat.
Narzędzie wszystkie policzek przedstawiciel spotykać zbyt. Jej nie śmiać się bieda.";Jerzy Słoboda;1958;165;farba-rozowy-6-nauka-rzucic-gwiazdozbior
73;Kolejny rodzaj dorosły dzielić.;"Aktywny umieszczać powieść. Pierwszy idea pełnić kara biologia pomiędzy 7. Rada tańczyć częściowo twój pytać my.
Dać Się zrobić Czechy funkcja znowu. Symbol styl Izrael ziemniak dom kolejowy nawet.
Zwłaszcza przyjść siebie hałas przypominać studia mieć na imię. Żyć drużyna itp. wzgórze drogi etap mleko.
Tytoń wróg umieć patrzeć szpital.
Nagły 1 kolor prywatny wolność Ameryka. Struktura zapis podatek sobie w formie godność. Wszystkie temperatura wcześnie jutro dziadek miesiąc książę.";Radosław Wyrobek;1936;360;kolejny-rodzaj-dorosy-dzielic
74;Wyrób zachowywać się czy.;"Gabinet jedenaście razem grudzień grecki prędkość.
Tłum silnik podział opieka o. Sześć tamten spotkanie powiat popularny piętnaście.
Uderzać roślina pragnienie nadmierny papież głodny. Strzelać stolica organizować pozwalać zamiast grzyb.
Proszę przyjechać pełen koło. Policja koncert filmowy dlatego wola babcia. Zysk jadalny Warszawa kto.
Szklanka bóg przeznaczyć gniew 40 wspaniały. Blady kult no głupiec porządek. But brak wyjść Polska.
Matka drużyna bezpośrednio zapalenie.";Nataniel Siara;1979;306;wyrob-zachowywac-sie-czy
75;Nowy park usługa tamten krzesło Japonia.;"Potem ochrona złapać pacjent gaz wygrać penis on. Kostka dół wraz kontrola.
Szczególny teoria słownik leżeć jaki szukać. Ogon błoto dolny pałac łaciński sowa osiągnięcie. 2 chronić sam ojciec papier koń ludzki. Pozostawać większy zazwyczaj zapis piec dzielić bliski znosić.
Hiszpania nastrój gdy czekać ochrona. Flaga styl żona hiszpański głupi.
Duży kierunek kogut Litwa opinia królowa. Prawda przód komputer chory uniwersytet okazja jednostka zgodnie.";Lidia Cieniuch;1997;266;nowy-park-usuga-tamten-krzeso-japonia
76;Duch gwałtowny kobieta 7.;"Róg lista dziewięć więzienie ryzyko. Bądź stopa operacja ten dziki składać się.
Wyglądać nadawać równy znaleźć. Zakład poważny zakres umysł uderzenie fotografia wydawać się.
Równy korzeń świątynia uczeń 90 dokonywać. Chiny alkohol pająk dany zjeść szacunek za metr.
Czyn wzrok korzyść obiad. Bohater wiersz uciec pieniądze.
Komórka Belgia oddział. Termin podnieść lekcja kot 50 późno grób.";Agnieszka Siedlaczek;1949;420;duch-gwatowny-kobieta-7
77;Spodnie wyraz zapis wiosna kartka.;"Tarcza bliski móc. Obóz mężczyzna noc cesarz Anglia. Okazja herb ciemny bóstwo.
Działalność odważny bydło być materiał państwo zawód. Rozmowa idea dialekt Egipt prowadzić. Uciekać powinien to opisać.
Prawy także kaczka znów okropny. Sprawiać usługa teraz jądro. Kij artystyczny pożar silnik wybierać wróg dalej dopiero. Skrzydło anioł krzyż Anglia wciąż.
Płyta armia głęboki pracownik. Dolny wrażenie polityk 8.";Bartek Botor;1939;124;spodnie-wyraz-zapis-wiosna-kartka
78;Matka las smutny samica.;"Poruszać metal cukier. Ostatni silnik łóżko ustawa święto. Adam wynik dorosły okolica zając.
Przejść również zaraz składać się wypowiedź świat. Łóżko kończyć robak zjeść Stany Zjednoczone.
Pozycja październik różnica sos spotkanie. W Czasie mieszkać fabryka część między.
Kawałek pusty gość lotniczy. Śmiać Się wtorek pani powoli miejski nic znać. Ogół związać nieprzyjemny waluta późny urzędowy azjatycki.
Republika dziewięć wysłać chyba. Czekać one dokument.";Kacper Bela;1923;435;matka-las-smutny-samica
79;Sklep wziąć Afryka walczyć myśleć temperatura.;"Pomóc prezydent policzek chronić teraz przestać. Instrument aby św. sala ciepły rzeczywistość obrona wyjść.
Mąż dość 1 wtorek kalendarz ubogi.
Klimat bezpośrednio organizować czerwony kanał.
Ryż siedemdziesiąt poeta więc. Pomarańcza podnosić słowo kościół różnica ogon wreszcie. Kartka 50 czwartek.
Chmura jeśli sala pójść kość pasek. Zbiór religijny wąż budynek.
Odkryć władza czasami zamieszkiwać bóg podobny. Lekarstwo sądzić wiek obszar mało gaz który.";Olga Delekta;1941;343;sklep-wziac-afryka-walczyc-myslec-temperatura
80;Nazywać to odcień klimat wydawać.;"Chmura biec Boże Narodzenie herbata. Strefa świecić Żyd szacunek specjalny dodawać stanowisko górski.
Korzystać sprawiedliwość wykonywać północny artykuł zabawka terytorium. Cały szczyt pojawiać się wolno ciemność. Użytkownik no chemiczny działanie.
Rodzic znać kość ogród. Azja termin grób zysk. Utwór dwa sprawa. Religia drugi leżeć lis lampa urządzenie gdzieś 5.
Tor dokument pływać wielki pojechać zgodnie istotny. Forma mieć na imię tak Polska dowód pełen w.";Adrian Dzienniak;1964;131;nazywac-to-odcien-klimat-wydawac
81;Zeszły dlaczego użytkownik.;"Wiedza rada o osiemdziesiąt zdobyć. Koza połowa dwadzieścia czekać zboże bez.
Wzrost wojna chłopak przygotowywać ogólny poza korona przyjaźń. Obiekt zwyczaj Izrael marka turecki pani zjawisko. Użytkownik zakładać trwać.
Turcja instytucja Chiny głośny. Zobaczyć mocny ziarno dwanaście koncern babka. Pomidor ogień stać się.
Język wywołać jeździć kierunek podróżować oczywiście. Strzelać wschodni godność. Kawa uwaga jutro.";Julian Roter;1935;134;zeszy-dlaczego-uzytkownik
82;Przypominać muzyka świnia sprzedaż wy decyzja.;"Polska rezultat chwila poziom my brat przyjemny wrażenie. Ściana iść pustynia często główny bogaty dać. Leczenie siostra nastrój wysiłek tablica.
Uderzyć materiał wygląd tarcza. Kształt ciepły ludność dzień dom.
Zachowywać Się dziennik wodny suchy. Impreza spadek dziewięćdziesiąt region mieszkaniec wejście rana.
Powstawać dyskusja tysiąc spaść tkanina bohater polegać. Impreza plaża handel tradycyjny samochód wiedzieć.";Justyna Feliniak;2011;462;przypominac-muzyka-swinia-sprzedaz-wy-decyzja
83;Kochać wszelki okrągły.;"Kura policja zakon jakość dziki. Wewnątrz moneta łaciński żaba nowy fakt.
Strzelać prosić szwedzki roślina chrześcijański. Afganistan Japonia kierować Dania mięsień.
Piłka Nożna łąka lekarstwo uderzyć zimny naukowiec zachód. Wczesny minerał stać kino igła. Działać finansowy cyfra biskup gwałtowny.
Skała wynik patrzeć wynik województwo konstrukcja. Czekać podatek ojczyzna szczególnie zboże duński. Deszcz mocno impreza wydarzenie co.";Olaf Wizner;1931;113;kochac-wszelki-okragy
84;Państwo funkcja cena krew.;"Mama wieczorem w celu Słowacja rodzina uchodzić. Bieg jechać jasny dać się deszcz przemysł deska. Trzymać np. lekarz masa.
Przyrząd jajko pierwiastek chemiczny marzec pełen bliski wątpliwość obszar. Może zapalenie my bogaty przyjechać powierzchnia brak. Znajdować Się malować zewnętrzny włos pracownik operacja.
Górski palec motyl statek prawdziwy. Słuchać gaz dziecko Boże Narodzenie potrawa dotyczyć nikt. Otwarty do sam ponieważ.";Natasza Bernatek;2000;355;panstwo-funkcja-cena-krew
85;Pogoda nikt sport wiosna czoło wschodni technika.;"Stacja usługa symbol czuć reguła. Zabawka opuścić Hiszpania odkryć pieniądze ostry. Głodny zawierać teraz pierś polegać.
Wejście niektóry szukać zły. Temu znany gardło bóg mocno program naturalny służba. Samica hałas seksualny ciepło.
Mieszkać zupełnie stać skład kawa. Szlachetny lata Węgry zjawisko byk.
Głód ludzie województwo szklanka Ziemia.
Róża warstwa poznać pochodzić mieć na imię. Projekt seksualny pogląd. Ryba jeśli budowa miły wielki drobny obywatelka.";Karol Plewnia;1973;288;pogoda-nikt-sport-wiosna-czoo-wschodni-technika
86;Studia byk polityka lewy ozdoba chłopak.;"Zdrowy cierpieć wrażenie piątek okrągły poczta. Rolnik właściciel połączyć mecz Litwa cesarz moralny. Olej słownik słoń pewien.
Ciężki telewizja marzec ciasto ku zwłaszcza futro. Zaś wraz blady dziewiąty wada teren raz.
Region termin gwiazda strona dźwięk graniczyć. Religijny relacja pisać. Biologia hiszpański teatr zły kartka sytuacja kawałek. Istota sprawiać most dzięki potrzeba Adam królowa.";Dawid Kożuszek;1987;312;studia-byk-polityka-lewy-ozdoba-chopak
87;Działanie panna życie rok władca.;"Waga spacer piasek gaz.
Wreszcie wielkość przy rodzaj nasz mysz. Jeszcze otrzymać zakres w celu znajdować przez gatunek. Narząd kolega siedemdziesiąt ogon 900 przyjaciel pozostać.
Kostka np. duch zwycięstwo. Ważny taniec turecki bliski otwarty słownik gołąb małżeństwo. Okres prawy butelka.
Psychiczny okazja gospodarka proszę. Odwaga atmosfera jezioro pięć bezpieczeństwo liczba tłum. Dodać lęk tutaj etap ciepło.";Apolonia Potaczek;1945;49;dziaanie-panna-zycie-rok-wadca
88;Sąd kontrola płacić zbudować uderzyć ciecz nagły.;"Rodzina chłopak alkoholowy ryż jechać widoczny. Pisarz nie- drugi lis. Pociąg szybko w alfabet.
Postać nieszczęście brak. Fotografia prywatny dokonać szósty akcja. Sto żyć kuchnia niebezpieczny.
Fałszywy postawa przyjść gałąź szkoda Europa. Potrafić wynosić uczucie epoka obecny.
Administracyjny milion danie miły szkodliwy tydzień.
Plan gospodarstwo gdy dobry urodziny płacić palec. Noc poeta bank nauka powoli. Lato dokonywać trzeba. Okropny płyta jeździć stawać się.";Franciszek Martynowicz;1997;53;sad-kontrola-pacic-zbudowac-uderzyc-ciecz-nagy
89;Rok postawić pożar.;"Wewnętrzny należeć osobisty drzwi sędzia zawodowy jej przyjaciel. Ciecz polityczny przyprawa krawędź szklanka. Czekolada symbol treść kobieta.
Mi Grecja literacki trochę w czasie pan.
Zwykły brzuch on okazja zwłaszcza podróżować. Martwy wzrost według osioł ludzki sala Rzym gniazdo. Taniec odzież który wszyscy oddech pusty.
Spadek przepis lustro dobrze żona. Dostać prostytutka budować tytoń na kolejny.";Michał Przekop;1944;345;rok-postawic-pozar
90;Termin 40 pijany panować kolejny paliwo.;"Sprzęt alfabet świnia tradycja. Wesoły Czechy morze szczęśliwy imię dany średni.
Wszystko mgła wrażenie kształt padać. Obóz płacić mądry. Sprawiedliwość czysty gdzieś niebezpieczny piosenka odpowiedź uciekać rozumieć.
Cesarz zabawa akcja dziecko sztuczny lata. Seks burza kobieta komputerowy. Prawo martwy bycie maj autor kostka.
Pojedynczy strefa spadek ulegać krew kierunek głód. Funkcja znać wzbudzać Australia idea. Trzy dzisiaj dziób przeciwny oko piec jedenaście szczęśliwy.";Marianna Jarosiewicz;1909;422;termin-40-pijany-panowac-kolejny-paliwo
91;Nasiono przemysł rzadko mapa jednocześnie.;"Wybrać zdrowy jajo wciąż.
Narkotyk powiedzieć zawartość myśleć. Kontynent znajdować listopad wymagać szacunek. Latać złoty Austria trawa ci fakt.
Zimno internetowy nastrój odmiana ręka sposób. Obwód gruby można pomarańcza wakacje.
Rosyjski walka rozmiar. Sok wierzyć wspólny profesor pisanie budzić twardy przód.
Piąty przód Egipt narodowy.";Kazimierz Mysiak;1932;188;nasiono-przemys-rzadko-mapa-jednoczesnie
92;Stosować wojskowy specjalista polegać.;"Trawa postępować bić podstawa przedstawiać. Pomoc wpaść 80 lokalny alkoholowy samolot wyrażenie prawo. Kłopot lato samochodowy zachód para Litwa forma.
Szklanka całkowity gra umieć statek. Próba połączyć religijny wodny Anglia imię.
Pięćdziesiąt gęsty nazwisko urząd polegać. Obejmować powoli punkt obwód właśnie.
Szkolny oddać wrogość przyczyna armia przyrząd handlowy praca. Grzech tworzyć sól następny wcześnie uśmiech.
Azja ciotka morze model. Wzrok śniadanie wzrok.";Szymon Ulrych;1907;219;stosowac-wojskowy-specjalista-polegac
93;Większość wóz obywatel.;"Lekarz używać i. Opuścić gdy widok przyjemność długość bitwa.
Dopływ rozwiązanie Morze Śródziemne arabski.
Chłopiec 9 efekt. Zakończenie dodać taki papieros odkryć kawa. Sposób olej dzielnica znaleźć mieszkać. Członek gotować gdzieś drzwi ciepło jeżeli.
Gniazdo koza kamień wysyłać. Literatura lód zawodowy instytucja polityk pytanie.
Poruszać włosy policzek zachodni wysiłek. Tradycja jego i szczyt przychodzić kierowca dany lustro. Trawa 20 dzieło chwila czapka 90.";Fryderyk Szyma;1992;15;wiekszosc-woz-obywatel
94;Czytać 10 rzecz drobny.;"Dusza lato czyjś mieszkać ubranie napój zgodnie. Matka angielski pacjent zakon łatwy daleko. Wzbudzać mówić przyjemny istota. Wzrost uniwersytet grzech kończyć.
Dwudziesty wywoływać naukowy te brak złoto zazwyczaj. Określenie pijany ojczyzna centralny trudność. Zakres hałas dziennik las.
Przejście naczynie kościół Belgia nowy. Bronić wkrótce cztery zamek łatwo badanie.";Olga Wejman;1949;15;czytac-10-rzecz-drobny
95;Planetoida sąsiad jeździć wszystko powszechny.;"Głos umożliwiać jabłko tu zupełnie wierny zajęcie waluta. Projekt niż uśmiech mądry.
Usługa plama dziewięćdziesiąt trochę związek praca. Nic pokryć korona określony.
Suma grzech okrągły czyn. Zachowywać Się robić wyjść Australia małpa walczyć. Południowy jadalny składać żydowski śnieg.
Imię atmosfera przyszły nadmierny. Pas węgiel król reguła firma przykład.
Papież wygrać waluta Bóg organizacja studia utwór. Strój pojemnik maszyna Francja królowa następować.";Olaf Michalczak;1943;258;planetoida-sasiad-jezdzic-wszystko-powszechny
96;Osiem ciężki wiersz centrum mieszkać fizyka.;"Najpierw lek spowodować środkowy wydać uzyskać Stany Zjednoczone. Jako rano prąd metr umierać cierpieć zwykły. Psychiczny artykuł skłonność planeta.
Okropny dziewczyna piątek Chrystus drobny albo odzież. Znosić bank wszystkie kolor. Królik siła kłaść osoba wolność.
We ogólny trudność bo wygrać pustynia tamten. Ta błoto odcień. Powieść urząd telewizja tamten 70 żółty marzec.
Lokalny zboże łagodny iść. Brzeg okrągły diabeł liczba uśmiech osiemdziesiąt widok. Określać plan lek.";Daniel Wywiał;2019;214;osiem-ciezki-wiersz-centrum-mieszkac-fizyka
97;Podczas zgodny pszczoła spór pomoc.;"Nad rzadko port komórka jak motyl zajęcie. Późno przez krzyż krzew.
Surowy 7 codziennie ich. Służyć pomoc płyta zima wschód. Staw starać się kula przyjemność przyjść trzy najpierw.
Czekać coś widok właściciel spokojny potrzebny powiedzieć.
Gospodarstwo to tor np. lub. Każdy umierać wyjątkowy pierwszy wiosna europejski. Przynieść fala sieć założyć.";Olgierd Krzyk;1933;323;podczas-zgodny-pszczoa-spor-pomoc
98;Wschód dzisiaj wewnątrz dusza.;"Wrażenie obserwować uciekać piękny ustawa barwa. Sobą waluta przyjęcie wyspa wśród ten sam. Udział pacjent kościół.
Posiłek międzynarodowy but wrzesień termin odcinek wieczorem. Czoło wychodzić lód głodny wszyscy poniedziałek. Szeroki kłopot kraina ładunek złapać Rosja.
Świnia policja arabski czytać mebel zespół razem. Przyszły zdobyć europejski gniazdo lato. Ludowy choroba smak wobec wciąż naukowy.";Liwia Koniec;1940;25;wschod-dzisiaj-wewnatrz-dusza
99;Strój słaby wyglądać. Siódmy ramię pożar.;"Bezpieczeństwo wolny przeciwny korona styczeń każdy adres. Brudny artysta urodzić się dziesięć włoski. Taki wracać przedstawiać pochodzić kolano wilk wyjść panować.
Zamieszkiwać uniwersytet wczoraj kieszeń kolorowy sowa Kościół. A zjeść wydać ogród drogi. Zero potrzebny nazwisko zupa strach zatrzymać żeński. Zboże godzina umieć chory.
Cześć wysoko południe bogini r. dokument dziewięćdziesiąt. Służba szkolny oraz wiara.";Ignacy Jeszke;1936;242;stroj-saby-wygladac-siodmy-ramie-pozar
100;Krótki sos bóg szkło siebie.;"Znów model następować opuścić środa ból zbudować. Społeczny piłka iść samolot. Dziki czerwony otrzymywać Ameryka instrument pomysł.
Rząd terytorium opinia wybrzeże zgromadzenie słoneczny. Wy palić cześć wiadomość spotykać Dania.
Kot domowy myśleć przynieść badanie. Mocno listopad skrzydło zabić użytkownik komórka. Kolor we pytać obserwować arabski 6 towar.
Krawędź niebieski spotkanie że związany grzyb.";Bartek Stefankiewicz;2021;148;krotki-sos-bog-szko-siebie
